fold,mse
1,30.177846447198807
2,33.61265733228388
3,30.40483367657899