fold,loss,accuracy
1,0.059426798584136714,0.9807080771929636
2,0.07039665617483107,0.9813440746237015
3,0.05903829742228553,0.9809200763323308