fold,loss,accuracy
1,0.04258962207290729,0.9890188589162091
2,0.008786056019605889,0.998328956791597
3,0.046309486162426576,0.9847218906660301